{
  "A_Little_Respect_Hound_Solomon_.mp3": {
    "title": "A Little Respect",
    "artist": "Hound Solomon",
    "album": "Respect the Underground",
    "year": "2025",
    "genre": "Underground Hip-Hop",
    "cover": "covers/cover1.png"
  },
  "A DIFFERENT STORY.mp3": {
    "title": "A Different Story",
    "artist": "Hound Solomon",
    "album": "The Story Untold",
    "year": "2025",
    "genre": "Underground Hip-Hop",
    "cover": "covers/cover2.png"
  },
  "HiPHoPShawN_ft_KeeM_and_Hound_SolomoN (1).mp3": {
    "title": "HiPHoPShawN (ft KeeM & Hound Solomon)",
    "artist": "HiPHoPShawN, KeeM, Hound Solomon",
    "album": "Cypher Money",
    "year": "2025",
    "genre": "Underground Hip-Hop",
    "cover": "covers/cover3.png"
  }
}